"ID","Reads","FinalKingdom","FinalPhylum","FinalClass","FinalOrder","FinalFamily","FinalGenus","FinalSpecies","Calcify","TaxaFrequency","Acid1","Acid15","Acid25","Acid36","Acid39","Acid7","AcidHeat16","AcidHeat20","AcidHeat21","AcidHeat24","AcidHeat33","AcidHeat4","Control10","Control17","Control23","Control26","Control9","Heat18","Heat22","Heat3","Heat31","Heat8"
"OTU_1",111313,"Metazoa","MOLLUSCA","Gastropoda","Littorinimorpha","Hipponicidae","Antisabia","","Yes",2,88,38,850,618,0,814,0,1771,1037,5150,0,0,4054,3963,158,11973,6017,4684,1778,6558,1062,27912
"OTU_100",12681,"Metazoa","ANNELIDA","Polychaeta","Eunicida","Eunicidae","Nematonereis","","No",2,0,0,3860,0,0,0,26,411,382,739,63,85,80,454,82,708,53,693,750,48,2050,204
"OTU_102",4781,"Metazoa","ANNELIDA","Polychaeta","Terebellida","Cirratulidae","Dodecaceria","","No",2,0,0,0,0,0,0,0,0,6,0,0,4637,0,0,0,0,0,0,17,95,0,0
"OTU_1024",15,"Metazoa","ANNELIDA","Polychaeta","Terebellida","Ctenodrilidae","Ctenodrilus","","No",2,0,0,0,0,0,0,0,0,0,14,0,0,0,0,0,0,0,0,0,0,0,0
"OTU_105",4354,"Metazoa","ARTHROPODA","Hexanauplia","","","","","No",5,463,29,40,196,1366,629,29,0,0,0,0,160,18,0,19,283,0,125,196,137,230,0
"OTU_1054",19,"Metazoa","ARTHROPODA","Hexanauplia","","","","","No",5,0,0,0,0,0,0,0,0,0,0,0,0,0,0,0,14,0,0,0,0,0,0
"OTU_109",4315,"Metazoa","ARTHROPODA","","","","","","UNK",6,4087,0,0,0,35,13,0,0,0,11,0,0,0,0,0,28,31,0,0,98,0,0
"OTU_11",55643,"Metazoa","ANNELIDA","Polychaeta","Terebellida","Cirratulidae","Timarete","Timarete punctata","No",1,0,0,0,0,0,0,0,344,0,0,0,0,0,366,0,0,0,0,425,0,27646,0
"OTU_110",7321,"Metazoa","CNIDARIA","Hydrozoa","Leptothecata","Campanulariidae","Clytia","","No",2,31,0,665,0,0,0,477,15,63,208,136,0,0,159,14,48,79,100,41,539,210,2554
"OTU_111",11366,"Metazoa","PORIFERA","Demospongiae","Suberitida","Halichondridae","Hymeniacidon","","No",2,0,944,0,776,0,167,0,0,0,0,0,107,0,3108,180,795,0,166,28,0,2657,0
"OTU_1119",13,"Plantae","OCHROPHYTA","Phaeophyceae","Ectocarpales","","","","No",4,0,0,0,0,0,0,0,13,0,0,0,0,0,0,0,0,0,0,0,0,0,0
"OTU_1120",8,"Plantae","RHODOPHYTA","Florideophyceae","","","","","UNK",5,0,0,0,0,0,0,0,8,0,0,0,0,0,0,0,0,0,0,0,0,0,0
"OTU_1125",16,"Metazoa","PORIFERA","","","","","","No",6,0,8,0,0,0,0,0,0,0,0,0,0,0,0,0,0,0,0,0,0,0,0
"OTU_113",4215,"Metazoa","ANNELIDA","Polychaeta","Phyllodocida","Syllidae","","","No",3,31,0,0,0,0,0,0,0,0,38,243,894,0,0,10,337,44,235,81,0,306,979
"OTU_115",7021,"Metazoa","ANNELIDA","Polychaeta","","","","","No",5,0,0,0,0,7020,0,0,0,0,0,0,0,0,0,0,0,0,0,0,0,0,0
"OTU_116",7759,"Metazoa","ANNELIDA","Polychaeta","Phyllodocida","","","","No",4,0,0,4,0,0,0,0,7547,0,0,0,0,0,0,0,23,0,167,0,0,0,0
"OTU_1162",15,"Metazoa","ARTHROPODA","Hexanauplia","","","","","No",5,0,0,0,0,0,0,15,0,0,0,0,0,0,0,0,0,0,0,0,0,0,0
"OTU_117",3764,"Metazoa","ANNELIDA","","","","","","UNK",6,3434,0,0,0,0,0,0,0,0,84,0,41,0,16,0,113,0,0,0,64,0,0
"OTU_118",3817,"Metazoa","ANNELIDA","","","","","","UNK",6,0,0,0,0,0,0,0,73,0,1133,200,0,611,11,0,0,0,0,0,0,945,28
"OTU_1197",72,"Metazoa","ANNELIDA","Polychaeta","Amphinomida","Amphinomidae","Pareurythoe","","No",2,0,0,0,0,0,0,0,0,0,0,31,0,0,0,8,0,0,0,0,0,0,0
"OTU_12",90439,"Metazoa","ARTHROPODA","Malacostraca","Amphipoda","Gammaridae","","Gammaridae sp. KML 32","Mild",1,5764,2753,375,8069,1593,5485,3477,6940,2661,2640,1213,2449,241,1687,344,248,90,6486,674,8540,8610,1999
"OTU_120",5438,"Plantae","RHODOPHYTA","Florideophyceae","","","","","UNK",5,0,0,0,0,0,0,0,177,0,47,67,0,0,0,0,0,0,2738,36,0,355,92
"OTU_124",3640,"Metazoa","ANNELIDA","Polychaeta","Sabellida","Sabellidae","Amphiglena","","Yes",2,36,0,0,0,0,0,0,0,0,0,235,0,0,0,0,0,0,0,0,0,1740,0
"OTU_1247",194,"Metazoa","ANNELIDA","Polychaeta","","","","","No",5,0,0,0,0,194,0,0,0,0,0,0,0,0,0,0,0,0,0,0,0,0,0
"OTU_127",3418,"Metazoa","ANNELIDA","Polychaeta","Amphinomida","Amphinomidae","","","No",3,0,0,0,0,0,0,0,0,321,326,0,0,0,0,0,2710,0,0,0,0,55,0
"OTU_128",5052,"Metazoa","PORIFERA","","","","","","No",6,0,0,93,0,2177,0,0,616,0,0,0,0,0,0,0,0,0,0,15,0,1143,0
"OTU_131",7703,"Metazoa","MOLLUSCA","Gastropoda","Littorinimorpha","Vermetidae","Dendropoma","Dendropoma rhyssoconchum","Yes",1,52,0,16,0,0,97,0,0,0,0,0,0,0,0,0,998,0,0,0,0,2550,971
"OTU_132",5798,"Metazoa","PORIFERA","Demospongiae","Dendroceratida","Dictyodendrillidae","","","No",3,0,0,0,0,0,0,875,203,4,2975,0,719,0,0,0,0,0,0,0,0,64,608
"OTU_133",2638,"Plantae","RHODOPHYTA","Florideophyceae","Gigartinales","","","","No",4,0,0,0,0,0,0,0,13,6,78,166,0,0,553,11,765,170,244,45,246,0,0
"OTU_1338",30,"Metazoa","ARTHROPODA","Hexanauplia","Harpacticoida","","","","No",4,0,0,0,0,0,0,0,0,0,0,21,0,0,0,0,0,0,0,0,0,0,0
"OTU_134",3651,"Metazoa","MOLLUSCA","Gastropoda","Trochida","Trochidae","Trochus","Trochus intextus","Yes",1,0,0,11,0,21,2489,20,71,12,0,65,78,43,8,0,0,29,0,0,73,99,323
"OTU_1357",23,"Metazoa","ANNELIDA","","","","","","UNK",6,0,0,0,0,0,0,0,0,0,0,0,0,0,23,0,0,0,0,0,0,0,0
"OTU_137",3160,"Metazoa","CHORDATA","Ascidiacea","","","","","No",5,0,0,0,0,155,0,65,0,0,0,0,2107,211,0,171,0,298,0,0,62,49,0
"OTU_1386",19,"Metazoa","ARTHROPODA","","","","","","UNK",6,0,0,0,0,0,0,0,0,6,0,0,0,0,0,0,0,0,0,0,0,0,0
"OTU_140",5822,"Metazoa","MOLLUSCA","Gastropoda","Littorinimorpha","Vermetidae","Dendropoma","Dendropoma rhyssoconchum","Yes",1,42,9,42,17,731,26,60,34,9,317,139,46,252,97,10,0,74,70,77,57,1817,197
"OTU_141",2656,"Metazoa","ARTHROPODA","","","","","","UNK",6,53,0,221,0,0,0,0,0,7,0,0,18,0,11,0,2194,0,0,36,0,57,0
"OTU_142",2437,"Metazoa","PORIFERA","Demospongiae","Suberitida","Suberitidae","","","No",3,0,0,0,0,0,0,0,0,0,0,0,0,0,0,0,0,0,0,0,1246,253,0
"OTU_143",2366,"Metazoa","CNIDARIA","Anthozoa","Actiniaria","Hormathiidae","","","No",3,0,0,0,2273,0,43,0,0,0,0,0,0,0,0,0,0,0,0,0,0,0,0
"OTU_145",4728,"Metazoa","PORIFERA","Demospongiae","Tethyida","Tethyidae","Tethya","","No",2,0,0,158,0,71,0,18,0,19,108,0,419,0,0,7,904,23,1256,0,666,0,0
"OTU_1457",27,"Metazoa","ARTHROPODA","Hexanauplia","","","","","No",5,0,0,0,16,0,0,0,0,0,0,0,0,0,0,0,0,0,0,0,0,0,0
"OTU_146",52368,"Metazoa","MOLLUSCA","Gastropoda","Littorinimorpha","Vermetidae","Cupolaconcha","Cupolaconcha meroclista","Yes",1,0,0,0,0,0,0,0,0,0,0,0,0,0,0,0,0,0,0,0,0,0,33615
"OTU_147",2083,"Metazoa","PORIFERA","","","","","","No",6,0,0,0,0,0,0,0,0,0,0,0,0,0,0,0,0,0,0,0,0,1099,0
"OTU_149",3592,"Plantae","RHODOPHYTA","Florideophyceae","Palmariales","Palmariaceae","","","No",3,0,0,3,0,10,0,85,1133,19,39,193,0,181,100,19,124,67,500,40,187,86,182
"OTU_151",6623,"Metazoa","ANNELIDA","Polychaeta","Phyllodocida","Syllidae","Syllis","","No",2,0,0,0,0,0,0,0,0,0,0,0,0,0,0,0,0,0,0,0,0,3513,0
"OTU_152",2173,"Metazoa","CNIDARIA","","","","","","No",6,0,0,0,0,0,0,0,0,0,0,0,0,0,0,20,0,27,0,0,0,1077,0
"OTU_153",7250,"Metazoa","ARTHROPODA","","","","","","UNK",6,388,80,9,249,48,308,76,686,80,50,24,0,164,223,30,503,80,85,58,2123,216,197
"OTU_158",2528,"Metazoa","CNIDARIA","Hydrozoa","Leptothecata","","","","No",4,0,0,0,0,0,0,0,0,0,270,0,0,0,0,0,0,0,0,0,0,54,1349
"OTU_159",2198,"Metazoa","ANNELIDA","Polychaeta","","Orbiniidae","Naineris","","No",2,0,0,0,0,0,0,0,0,0,0,647,1107,0,0,298,0,0,0,0,0,53,0
"OTU_1593",4543,"Metazoa","MOLLUSCA","Gastropoda","Littorinimorpha","Vermetidae","Cupolaconcha","Cupolaconcha meroclista","Yes",1,0,0,0,0,0,0,0,7,0,0,0,0,168,0,16,0,1230,0,0,1442,455,0
"OTU_16",131699,"Metazoa","MOLLUSCA","Gastropoda","Littorinimorpha","Vermetidae","","","Yes",3,1308,1436,1402,138,864,57,91,62,270,5734,447,6271,1869,1244,106,592,2391,8509,2165,4197,34466,11501
"OTU_160",1835,"Plantae","RHODOPHYTA","Florideophyceae","Rhodymeniales","Rhodymeniaceae","","","No",3,0,0,0,0,0,0,0,0,1786,0,0,0,0,0,0,0,0,0,45,0,0,0
"OTU_161",3671,"Metazoa","PORIFERA","Demospongiae","Suberitida","Halichondridae","Hymeniacidon","Hymeniacidon sp.1 JV-2020","No",2,0,0,0,0,0,0,2072,0,0,0,0,0,0,0,511,0,1016,0,0,0,0,42
"OTU_162",2337,"Metazoa","ARTHROPODA","Malacostraca","Decapoda","Palaemonidae","","","Mild",3,0,0,0,0,0,0,0,68,9,0,0,0,0,24,0,22,0,274,144,752,580,75
"OTU_164",1495,"Plantae","RHODOPHYTA","Florideophyceae","Gigartinales","Hypneaceae","Hypnea","","No",2,0,112,0,0,15,0,0,0,95,18,8,0,0,16,0,0,0,411,0,194,134,0
"OTU_165",4407,"Metazoa","ANNELIDA","Polychaeta","","","","","No",5,506,39,96,108,282,0,22,47,4,417,0,254,22,65,160,132,186,149,25,122,761,109
"OTU_168",1444,"Metazoa","PORIFERA","Demospongiae","Suberitida","Halichondridae","","","No",3,0,0,0,40,0,0,0,11,0,0,0,408,0,0,0,0,35,0,0,608,0,0
"OTU_169",1509,"Plantae","RHODOPHYTA","Florideophyceae","","","","","UNK",5,0,0,0,0,0,0,0,0,0,0,0,0,0,0,0,1354,0,0,0,0,0,59
"OTU_17",63875,"Metazoa","MOLLUSCA","Gastropoda","Littorinimorpha","Vermetidae","Cupolaconcha","Cupolaconcha meroclista","Yes",1,240,0,0,0,909,0,69,0,71,70,1422,780,1518,62,361,310,0,30784,151,0,2486,3386
"OTU_170",1451,"Plantae","RHODOPHYTA","Florideophyceae","Corallinales","","","","Yes",4,0,0,0,0,0,0,0,51,0,0,0,0,0,43,0,254,0,0,0,0,0,699
"OTU_176",1632,"Plantae","RHODOPHYTA","","","","","","UNK",6,0,0,16,0,109,0,60,117,15,0,215,0,423,38,0,178,0,194,0,0,0,27
"OTU_177",1228,"Plantae","RHODOPHYTA","Florideophyceae","","","","","UNK",5,0,0,0,0,14,0,10,0,0,28,191,0,0,0,0,47,0,55,0,357,0,155
"OTU_178",1351,"Metazoa","ANNELIDA","Polychaeta","Phyllodocida","Nereididae","","","No",3,0,0,0,0,0,0,0,0,0,0,0,0,0,0,0,0,0,268,35,170,659,174
"OTU_179",1334,"Metazoa","ECHINODERMATA","Ophiuroidea","Ophiurida","Ophiactidae","Ophiactis","","Yes",2,20,0,0,0,0,0,0,0,0,0,0,0,0,0,0,0,0,0,0,185,539,0
"OTU_18",36979,"Metazoa","ECHINODERMATA","Ophiuroidea","Ophiurida","Ophiactidae","","","Yes",6,2491,0,662,2237,564,667,2766,0,23,90,0,9968,9354,3640,512,146,2920,88,47,344,76,338
"OTU_181",1199,"Metazoa","ANNELIDA","Polychaeta","Terebellida","Cirratulidae","Timarete","","No",2,0,0,0,0,0,0,0,0,0,0,0,0,0,0,0,0,0,0,806,0,0,0
"OTU_186",2065,"Metazoa","ARTHROPODA","Hexanauplia","Harpacticoida","","","","No",4,81,50,3,179,14,33,214,656,18,77,0,94,0,39,9,0,0,55,0,269,0,0
"OTU_188",2284,"Metazoa","ARTHROPODA","Hexanauplia","","","","","No",5,334,0,19,635,439,311,0,0,5,0,0,60,0,0,37,73,0,41,12,71,0,68
"OTU_193",971,"Metazoa","ARTHROPODA","","","","","","UNK",6,0,18,4,100,53,0,0,16,57,33,0,32,0,73,13,60,0,53,0,82,124,0
"OTU_195",977,"Metazoa","PORIFERA","Demospongiae","Suberitida","Halichondridae","Halichondria","Halichondria sp.1 JV-2020","No",2,0,0,0,0,0,24,0,0,0,0,0,0,0,0,0,0,25,454,0,0,0,144
"OTU_196",2646,"Metazoa","PORIFERA","","","","","","No",6,0,0,7,0,0,0,0,0,0,0,1345,0,0,0,0,0,0,0,18,0,0,801
"OTU_1973",185,"Metazoa","PORIFERA","Demospongiae","Suberitida","Suberitidae","Cliona","","No",2,0,0,0,0,0,0,0,0,0,0,0,0,0,0,0,0,0,0,0,0,0,114
"OTU_199",977,"Plantae","RHODOPHYTA","Florideophyceae","Gigartinales","","","","No",4,0,0,0,0,0,0,0,11,0,15,414,0,0,0,9,70,129,0,144,36,0,0
"OTU_2",89690,"Metazoa","PORIFERA","Demospongiae","Suberitida","Suberitidae","","Suberitidae sp1 JV-2020","No",1,11184,7046,3001,10454,2062,1120,10805,129,168,223,1242,1436,16091,3013,1509,707,2134,1489,213,3398,560,6039
"OTU_20",34696,"Metazoa","ECHINODERMATA","Ophiuroidea","Ophiurida","Ophiactidae","Ophiactis","","Yes",2,0,915,788,5091,15691,775,124,11,2080,42,0,2293,1824,212,1674,46,1078,46,1051,85,161,70
"OTU_201",911,"Plantae","RHODOPHYTA","Florideophyceae","","","","","UNK",5,0,0,0,0,0,0,0,0,0,0,10,0,15,11,9,26,61,144,54,182,0,79
"OTU_2019",229,"Metazoa","CNIDARIA","","","","","","No",6,0,0,0,0,0,0,0,0,0,0,0,0,0,0,19,0,0,0,0,0,114,0
"OTU_2020",5,"Plantae","OCHROPHYTA","Phaeophyceae","Ectocarpales","","","","No",4,0,0,0,0,0,0,0,0,4,0,0,0,0,0,0,0,0,0,0,0,0,0
"OTU_21",31268,"Metazoa","PORIFERA","Demospongiae","Biemnida","Biemnidae","","","No",3,0,0,0,0,166,0,0,0,115,2478,0,0,1099,423,0,20224,0,266,1720,1922,575,28
"OTU_2105",298,"Metazoa","ANNELIDA","Polychaeta","","","","","No",5,0,0,0,0,0,0,0,80,0,0,0,0,0,204,0,0,0,0,0,0,0,0
"OTU_212",1009,"Metazoa","CNIDARIA","Anthozoa","Actiniaria","Sagartiidae","Sagartiogeton","Sagartiogeton laceratus","No",1,0,0,0,0,162,0,0,0,0,0,0,0,0,0,0,71,0,0,0,0,0,489
"OTU_213",737,"Metazoa","PORIFERA","Homoscleromorpha","Homosclerophorida","Plakinidae","Plakina","Plakina sp.1 JV-2020","No",1,0,0,0,0,0,0,0,70,0,13,0,0,0,0,0,0,0,0,0,0,0,398
"OTU_216",1893,"Metazoa","ARTHROPODA","","","","","","UNK",6,0,7,0,70,0,0,12,119,57,19,0,36,0,56,13,234,0,313,24,256,144,37
"OTU_217",612,"Metazoa","PORIFERA","Homoscleromorpha","Homosclerophorida","Oscarellidae","Oscarella","Oscarella sp3 JV-2020","No",2,0,0,0,0,0,0,0,0,0,39,0,0,0,0,83,0,178,0,100,90,0,0
"OTU_218",2872,"Metazoa","ARTHROPODA","","","","","","UNK",6,0,0,147,542,228,31,114,0,8,14,0,0,179,11,0,0,0,747,0,0,0,237
"OTU_219",527,"Metazoa","PLATYHELMINTHES","","Polycladida","","","","No",4,0,0,0,139,0,0,0,0,0,0,378,0,0,0,0,0,0,0,0,0,0,0
"OTU_222",524,"Metazoa","PORIFERA","Demospongiae","Suberitida","Suberitidae","Cliona","","No",2,0,0,4,0,0,0,0,0,0,0,0,0,0,0,0,0,0,356,0,0,0,0
"OTU_223",777,"Metazoa","PORIFERA","Demospongiae","Suberitida","Suberitidae","Terpios","Terpios sp.1 JV-2020","No",2,0,0,54,0,0,0,0,0,697,0,0,0,0,0,0,0,0,0,15,0,0,0
"OTU_229",545,"Metazoa","ANNELIDA","Polychaeta","","","","","No",5,0,0,0,0,0,0,0,0,0,0,0,0,0,0,0,0,0,0,0,0,289,0
"OTU_23",75368,"Metazoa","CNIDARIA","","","","","","No",6,0,0,612,4996,1995,0,0,749,640,4762,1627,5928,1614,597,695,132,13034,81,2425,367,997,20649
"OTU_233",616,"Metazoa","ANNELIDA","Polychaeta","Terebellida","Cirratulidae","Ctenodrilus","","No",2,0,0,4,90,0,0,0,0,0,463,10,0,0,0,0,0,0,23,0,0,0,0
"OTU_234",614,"Metazoa","MOLLUSCA","Gastropoda","Lepetellida","Fissurellidae","Diodora","","Yes",2,0,0,0,0,0,0,0,0,0,0,0,0,0,537,0,0,0,23,0,0,0,0
"OTU_236",520,"Metazoa","CNIDARIA","Hydrozoa","Leptothecata","","","","No",4,0,0,0,0,0,0,0,0,0,0,0,0,0,0,0,0,0,0,0,0,292,0
"OTU_24",79074,"Metazoa","MOLLUSCA","Gastropoda","Littorinimorpha","Vermetidae","Cupolaconcha","Cupolanconcha meroclista","Yes",1,0,0,0,122,0,0,0,0,13,0,0,38590,0,0,787,0,6766,40,2622,7101,0,11446
"OTU_240",971,"Metazoa","ARTHROPODA","Malacostraca","Amphipoda","Paracalliopiidae","Yhi","Yhi yindi","Mild",1,0,0,0,0,0,0,0,15,0,0,0,0,24,16,0,0,0,234,87,332,0,147
"OTU_243",513,"Metazoa","MOLLUSCA","Gastropoda","Lepetellida","Fissurellidae","Diodora","","Yes",2,51,62,3,25,0,11,0,0,7,57,0,0,19,0,0,86,0,56,0,0,0,22
"OTU_245",866,"Metazoa","ANNELIDA","Polychaeta","Spionida","Spionidae","Laonice","","Yes",2,0,0,0,0,0,0,0,0,0,14,0,27,0,12,0,0,0,149,21,226,114,107
"OTU_25",29746,"Metazoa","ARTHROPODA","Hexanauplia","","","","","No",5,84,137,13,4727,61,0,1554,90,30,254,26,0,95,0,32,0,0,38,32,14078,107,42
"OTU_250",440,"Metazoa","ARTHROPODA","Malacostraca","Tanaidacea","","","","Mild",4,431,0,0,0,0,0,0,0,0,0,0,0,0,0,0,0,0,0,0,0,0,0
"OTU_252",1073,"Metazoa","ARTHROPODA","Hexanauplia","","","","","No",5,0,0,0,0,0,0,158,0,7,41,0,18,0,109,0,64,28,0,0,142,224,0
"OTU_254",507,"Metazoa","ANNELIDA","Polychaeta","Phyllodocida","Hesionidae","Psamathe","","No",2,0,0,0,0,0,0,0,0,0,0,0,0,0,0,0,0,0,32,0,253,53,102
"OTU_255",475,"Metazoa","MOLLUSCA","Gastropoda","Littorinimorpha","Vermetidae","Dendropoma","","Yes",2,0,0,0,0,317,0,0,0,0,0,0,0,0,0,0,0,0,0,0,0,83,0
"OTU_258",1843,"Metazoa","ARTHROPODA","","","","","","UNK",6,0,0,0,0,0,0,0,21,0,12,0,0,0,24,0,0,0,338,0,746,104,485
"OTU_26",48530,"Metazoa","ANNELIDA","Polychaeta","","","","","No",5,0,342,89,9467,200,0,2018,89,22,169,0,930,3326,324,758,0,0,2457,211,13874,1882,997
"OTU_260",1191,"Metazoa","ARTHROPODA","Hexanauplia","","","","","No",5,17,0,0,0,0,0,0,0,13,31,0,0,0,0,0,0,0,0,16,670,0,45
"OTU_261",471,"Metazoa","ARTHROPODA","Hexanauplia","","","","","No",5,384,9,0,0,0,8,25,0,0,0,0,0,11,0,0,0,0,0,0,0,0,0
"OTU_263",676,"Metazoa","ARTHROPODA","Hexanauplia","Harpacticoida","","","","No",4,0,0,0,0,0,0,102,0,0,250,8,0,0,0,0,0,0,0,0,0,157,0
"OTU_265",805,"Metazoa","ANNELIDA","Polychaeta","Phyllodocida","Hesionidae","Nereimyra","","No",2,0,0,0,0,0,0,0,0,8,11,0,0,0,0,0,0,0,92,76,225,116,183
"OTU_27",28055,"Metazoa","ECHINODERMATA","Ophiuroidea","Ophiurida","Ophiactidae","Ophiactis","Ophiactis savignyi","Yes",1,24630,1564,0,0,0,341,0,0,0,263,0,20,0,0,0,323,81,53,20,519,154,0
"OTU_271",326,"Plantae","RHODOPHYTA","Florideophyceae","Palmariales","Palmariaceae","","","No",3,0,0,0,0,0,0,0,0,0,0,0,0,0,0,0,0,0,0,37,84,0,61
"OTU_274",364,"Metazoa","PORIFERA","Demospongiae","Biemnida","Biemnidae","Biemna","","No",1,0,0,0,0,0,0,0,0,12,26,0,0,0,0,0,0,0,24,48,104,0,0
"OTU_275",871,"Metazoa","ARTHROPODA","","","","","","UNK",6,0,0,5,0,0,0,0,0,0,13,0,0,0,0,0,479,0,84,134,0,0,0
"OTU_276",713,"Metazoa","ARTHROPODA","Hexanauplia","","","","","No",5,0,0,0,0,0,0,0,0,0,0,0,0,0,0,0,18,35,0,0,407,0,0
"OTU_277",901,"Metazoa","ARTHROPODA","","","","","","UNK",6,0,0,10,0,0,0,14,10,81,12,17,0,35,21,0,0,0,95,0,0,251,0
"OTU_279",454,"Metazoa","ANNELIDA","Polychaeta","","","","","No",5,0,6,0,0,11,0,0,0,6,15,48,0,0,75,14,0,31,0,0,53,77,0
"OTU_28",29117,"Metazoa","ANNELIDA","Polychaeta","Terebellida","Cirratulidae","Dodecaceria","","No",2,0,0,18,0,2283,0,0,41,0,13,0,0,0,2792,39,2892,20232,193,18,427,69,74
"OTU_283",455,"Metazoa","ARTHROPODA","","","","","","UNK",6,0,0,0,382,13,0,0,0,36,0,0,0,0,0,9,0,0,0,0,0,0,0
"OTU_285",427,"Metazoa","ARTHROPODA","Hexanauplia","","","","","No",5,0,94,0,45,0,0,0,278,0,0,0,0,0,0,0,0,0,0,0,0,0,0
"OTU_288",1345,"Metazoa","MOLLUSCA","","","","","","No",6,0,0,16,0,0,0,0,691,65,0,0,0,0,178,0,0,0,282,0,0,0,0
"OTU_290",287,"Metazoa","ARTHROPODA","Malacostraca","Isopoda","","","","Mild",4,0,0,0,0,0,0,0,0,0,0,0,0,280,0,0,0,0,0,0,0,0,0
"OTU_296",485,"Metazoa","CNIDARIA","Hydrozoa","Leptothecata","Campanulariidae","Clytia","Clytia simplex","No",1,0,0,0,0,0,0,0,0,36,0,67,0,0,0,6,0,0,0,193,0,0,0
"OTU_297",1683,"Metazoa","ANNELIDA","Polychaeta","Phyllodocida","Syllidae","Eusyllis","","No",2,0,7,0,504,61,0,0,0,7,59,17,116,0,49,19,0,33,0,0,0,407,0
"OTU_3",85669,"Metazoa","MOLLUSCA","Gastropoda","Littorinimorpha","Vermetidae","Petaloconchus","Petaloconchus keenae","Yes",1,0,0,291,1334,0,0,0,0,0,0,1225,16599,0,0,0,0,0,8660,17,383,27639,0
"OTU_301",311,"Metazoa","ARTHROPODA","","","","","","UNK",6,0,0,0,0,0,0,0,0,0,0,0,0,0,0,0,0,0,0,0,198,0,0
"OTU_302",308,"Metazoa","ARTHROPODA","Hexanauplia","","","","","No",5,0,7,3,67,0,0,17,0,6,0,0,0,0,10,0,16,0,0,0,44,0,0
"OTU_303",278,"Metazoa","BRYOZOA","","","","","","No",6,0,0,0,109,0,0,0,0,0,161,0,0,0,0,0,0,0,0,0,0,0,0
"OTU_304",226,"Metazoa","PORIFERA","Demospongiae","Dendroceratida","Darwinellidae","Aplysilla","","No",2,0,13,0,0,0,17,0,0,0,0,0,0,0,0,0,153,0,0,0,0,0,0
"OTU_306",257,"Metazoa","PORIFERA","Demospongiae","Poecilosclerida","Tedaniidae","Tedania","Tedania klausi","No",1,0,0,0,250,0,0,0,0,0,0,0,0,0,0,0,0,0,0,0,0,0,0
"OTU_309",242,"Metazoa","ANNELIDA","Polychaeta","Spionida","Spionidae","","","UNK",6,0,0,0,0,0,0,0,0,0,0,0,0,0,0,0,0,0,0,0,0,86,43
"OTU_310",197,"Metazoa","PORIFERA","Demospongiae","Poecilosclerida","Chondropsidae","","","No",1,0,0,0,0,0,0,0,0,0,0,0,0,0,0,0,0,0,144,0,0,0,0
"OTU_314",220,"Plantae","RHODOPHYTA","Florideophyceae","Palmariales","Palmariaceae","","","No",3,0,0,0,0,0,0,0,0,0,0,0,0,0,0,0,0,0,106,0,0,0,0
"OTU_319",536,"Metazoa","ANNELIDA","Polychaeta","Phyllodocida","Nereididae","","","No",3,0,0,0,0,0,0,0,0,0,0,0,0,0,0,0,0,0,128,38,141,92,90
"OTU_321",201,"Plantae","RHODOPHYTA","Florideophyceae","Corallinales","","","","Yes",4,0,0,0,0,0,0,0,0,0,0,0,0,0,0,0,0,0,111,0,0,0,0
"OTU_322",303,"Metazoa","ARTHROPODA","Malacostraca","Amphipoda","Hyalidae","Parhyale","","Mild",2,0,0,0,0,0,18,0,0,0,0,171,0,0,0,0,0,104,0,0,0,0,0
"OTU_324",209,"Metazoa","PORIFERA","Demospongiae","Suberitida","Halichondridae","Halichondria","","No",1,0,0,5,0,0,0,0,0,0,0,0,199,0,0,0,0,0,0,0,0,0,0
"OTU_328",508,"Metazoa","ANNELIDA","","","","","","UNK",6,0,0,0,0,0,0,0,10,0,0,0,0,0,16,413,0,0,0,40,0,0,0
"OTU_33",24020,"Metazoa","ECHINODERMATA","Ophiuroidea","Ophiurida","Ophiactidae","Ophiactis","","Yes",2,0,1954,0,0,0,10926,2130,0,8338,0,0,0,0,10,0,0,0,49,217,0,0,315
"OTU_330",405,"Metazoa","ANNELIDA","Polychaeta","Eunicida","Lumbrineridae","","","No",4,52,0,0,0,0,0,0,0,0,0,0,0,0,0,53,0,0,0,0,0,151,0
"OTU_331",327,"Metazoa","ANNELIDA","Polychaeta","Terebellida","Cirratulidae","Dodecaceria","","No",2,0,0,0,0,0,0,0,77,0,0,0,0,19,0,0,0,0,33,56,0,0,0
"OTU_333",291,"Metazoa","ANNELIDA","Polychaeta","Terebellida","Trichobranchidae","Terebellides","","No",2,0,0,0,0,0,0,0,0,0,0,0,0,0,0,0,0,0,64,0,118,0,73
"OTU_335",191,"Plantae","RHODOPHYTA","Florideophyceae","","","","","UNK",5,0,0,0,0,0,0,0,0,0,0,0,0,0,0,0,17,0,34,0,0,0,30
"OTU_336",261,"Metazoa","MOLLUSCA","Gastropoda","Littorinimorpha","Vermetidae","","","Yes",3,0,0,0,0,0,0,11,0,0,0,0,0,0,43,0,0,0,0,0,0,0,118
"OTU_339",206,"Metazoa","ARTHROPODA","Hexanauplia","Harpacticoida","Miraciidae","","","No",3,0,0,0,0,0,0,0,0,0,0,0,118,0,24,0,0,0,0,0,0,0,0
"OTU_340",621,"Metazoa","ANNELIDA","Polychaeta","","","","","No",5,0,0,0,0,0,0,0,0,0,0,0,0,0,0,0,0,595,0,0,0,0,0
"OTU_346",189,"Metazoa","PORIFERA","Demospongiae","","","","","No",5,0,0,0,0,0,0,0,0,0,0,0,0,0,0,0,0,183,0,0,0,0,0
"OTU_35",45315,"Metazoa","ANNELIDA","Polychaeta","Terebellida","Cirratulidae","Timarete","","No",2,0,0,0,0,0,0,0,0,15,366,0,0,0,725,0,0,0,687,27,20803,3751,0
"OTU_350",174,"Plantae","RHODOPHYTA","Florideophyceae","","","","","UNK",5,0,0,0,0,0,0,0,0,0,0,0,0,0,0,0,0,0,108,0,0,0,0
"OTU_351",163,"Plantae","RHODOPHYTA","","","","","","UNK",6,0,0,0,0,0,0,0,46,11,0,16,0,0,0,0,0,0,23,0,0,0,0
"OTU_354",169,"Metazoa","PORIFERA","Demospongiae","Haplosclerida","Chalinidae","Haliclona","Niphatidae sp.8 PRT-2020","No",2,0,16,0,0,0,0,0,0,0,0,0,0,0,0,0,151,0,0,0,0,0,0
"OTU_355",375,"Metazoa","ANNELIDA","Polychaeta","","","","","No",5,0,0,5,0,0,0,0,0,0,0,0,0,0,12,0,22,0,0,95,65,66,36
"OTU_358",193,"Metazoa","MOLLUSCA","Gastropoda","","Cerithiidae","","","No",6,0,0,0,183,0,0,0,0,0,0,0,0,0,0,0,0,0,0,0,0,0,0
"OTU_36",53505,"Metazoa","ECHINODERMATA","Ophiuroidea","Ophiurida","Amphiuridae","Amphipholis","","Yes",2,1140,1561,243,0,599,393,0,1158,1938,294,4648,1274,0,2020,1259,22,0,106,102,49,19220,0
"OTU_360",163,"Plantae","RHODOPHYTA","Florideophyceae","Corallinales","Corallinaceae","","","Yes",3,0,0,0,0,0,0,0,0,0,0,0,0,0,0,0,0,0,78,0,0,0,0
"OTU_361",648,"Metazoa","ARTHROPODA","Hexanauplia","","","","","No",5,0,24,0,0,0,0,0,0,0,11,0,259,0,0,0,0,0,39,0,86,0,90
"OTU_365",472,"Metazoa","ANNELIDA","Polychaeta","Phyllodocida","Syllidae","Eusyllis","","No",2,0,0,4,18,0,9,17,0,0,43,0,0,0,9,0,0,0,0,11,0,91,63
"OTU_366",252,"Metazoa","CNIDARIA","Hydrozoa","","","","","No",5,0,0,58,19,16,0,0,0,0,0,0,0,0,0,0,0,0,0,0,0,71,0
"OTU_369",266,"Metazoa","ARTHROPODA","","","","","","UNK",6,0,0,0,0,0,0,0,0,0,0,0,0,0,0,0,0,0,0,0,173,0,0
"OTU_37",28516,"Metazoa","ANNELIDA","Polychaeta","Spionida","Spionidae","","","Yes",3,128,0,0,0,2557,38,237,117,13,2501,232,1567,1740,1025,227,31,974,401,46,192,7682,1453
"OTU_372",245,"Metazoa","ANNELIDA","","","","","","UNK",6,0,0,0,0,0,0,0,0,0,0,0,147,0,0,0,0,0,0,0,0,0,0
"OTU_38",22565,"Metazoa","ANNELIDA","","","","","","UNK",6,1783,1707,0,0,0,0,0,46,17,898,0,6094,0,408,0,56,10950,107,33,381,0,0
"OTU_385",165,"Metazoa","ARTHROPODA","Hexanauplia","","","","","No",5,0,0,0,0,0,0,0,0,0,0,0,0,0,0,0,0,0,0,0,62,0,0
"OTU_39",45597,"Metazoa","ECHINODERMATA","Ophiuroidea","Ophiurida","Amphiuridae","Amphipholis","Amphipholis squamata","Yes",1,514,3681,1612,0,0,197,0,44,21,33,0,0,0,147,109,45,0,1504,65,1367,14230,4556
"OTU_396",260,"Metazoa","ARTHROPODA","","","","","","UNK",6,20,0,0,0,0,0,0,0,0,0,0,0,0,0,0,0,0,149,0,0,0,0
"OTU_4",103551,"Metazoa","ANNELIDA","Polychaeta","","","","","No",5,3404,302,0,653,1222,673,0,6308,11,98,3061,2072,0,11748,1980,65,5897,463,51,5469,26612,2780
"OTU_40",20004,"Metazoa","ANNELIDA","Polychaeta","Sedentaria","Chaetopteridae","Phyllochaetopterus","","No",2,8871,5224,0,0,0,256,0,14,0,53,0,0,4994,0,0,55,36,127,0,212,0,109
"OTU_402",138,"Metazoa","ARTHROPODA","Ostracoda","Podocopida","Cyprididae","Stenocypris","","Mild",2,0,0,0,0,0,0,0,0,0,0,0,0,0,0,0,0,0,44,14,0,0,44
"OTU_414",111,"Plantae","RHODOPHYTA","Florideophyceae","Gigartinales","","","","No",4,0,0,0,0,0,0,0,57,0,0,0,0,0,0,0,0,0,37,0,0,0,0
"OTU_422",109,"Plantae","RHODOPHYTA","","","","","","UNK",6,0,0,0,0,0,0,0,0,0,0,0,0,0,0,0,0,0,50,0,0,0,0
"OTU_426",157,"Plantae","RHODOPHYTA","Florideophyceae","","","","","UNK",5,0,0,0,0,0,0,0,0,0,0,0,0,0,0,0,0,0,91,0,0,0,0
"OTU_428",128,"Metazoa","ANNELIDA","Polychaeta","Terebellida","Trichobranchidae","Terebellides","","No",2,0,0,0,0,0,0,0,0,0,0,0,0,0,0,0,0,0,0,0,75,0,0
"OTU_43",38604,"Metazoa","ANNELIDA","Polychaeta","","Orbiniidae","Naineris","","No",2,71,0,0,0,0,94,774,138,30,10063,1667,1519,50,58,0,0,1377,0,40,252,10838,998
"OTU_430",90,"Plantae","RHODOPHYTA","Florideophyceae","Gigartinales","","","","No",4,0,0,0,0,0,0,0,0,0,0,0,0,0,0,0,20,0,32,0,0,0,0
"OTU_433",166,"Plantae","RHODOPHYTA","Florideophyceae","Corallinales","Corallinaceae","","","Yes",3,0,0,0,0,0,0,0,0,0,0,0,0,0,0,0,22,0,40,0,0,0,0
"OTU_438",163,"Metazoa","NEMERTEA","Pilidiophora","Heteronemertea","","","","No",4,0,0,0,0,0,0,0,0,0,11,0,0,0,11,0,0,0,0,0,0,0,99
"OTU_439",107,"Metazoa","ANNELIDA","","","","","","UNK",6,0,0,0,0,0,0,0,0,0,0,0,0,0,0,0,0,0,0,21,77,0,0
"OTU_44",18817,"Metazoa","MOLLUSCA","Gastropoda","Littorinimorpha","Vermetidae","Cupolaconcha","Cupolaconcha meroclista","Yes",1,34,498,0,0,343,123,0,13,0,39,1533,0,526,0,47,1266,0,657,202,866,5749,425
"OTU_440",201,"Metazoa","ARTHROPODA","","","","","","UNK",6,0,0,0,0,0,0,0,0,0,0,0,0,195,0,0,0,0,0,0,0,0,0
"OTU_441",115,"Metazoa","CNIDARIA","","","","","","No",6,0,0,12,0,0,0,0,0,0,0,20,0,0,0,10,31,0,0,0,0,0,0
"OTU_445",89,"Metazoa","PORIFERA","Demospongiae","Haplosclerida","Chalinidae","Haliclona","","No",2,0,0,0,0,18,0,0,0,0,0,13,0,0,0,0,0,0,29,0,0,0,0
"OTU_447",115,"Metazoa","ARTHROPODA","","","","","","UNK",6,0,0,0,0,0,0,112,0,0,0,0,0,0,0,0,0,0,0,0,0,0,0
"OTU_449",96,"Metazoa","PORIFERA","Demospongiae","Poecilosclerida","","","","No",4,0,0,0,0,0,0,0,0,0,0,0,0,0,0,24,0,0,0,0,0,0,0
"OTU_45",20611,"Metazoa","PORIFERA","Demospongiae","Suberitida","Suberitidae","Protosuberites","","No",2,0,209,0,0,0,0,37,0,0,0,0,135,8053,52,3269,0,1928,27,63,41,3518,180
"OTU_451",136,"Metazoa","ANNELIDA","Polychaeta","Terebellida","Trichobranchidae","Terebellides","","No",2,0,0,0,0,0,0,0,10,0,16,0,0,0,0,0,0,0,64,0,0,0,36
"OTU_452",147,"Metazoa","ARTHROPODA","","","","","","UNK",6,0,0,0,0,0,0,0,0,0,0,147,0,0,0,0,0,0,0,0,0,0,0
"OTU_454",77,"Metazoa","PORIFERA","Demospongiae","Poecilosclerida","","","","No",4,0,0,0,0,0,0,0,0,0,0,0,0,0,0,13,0,0,0,0,0,0,0
"OTU_458",117,"Plantae","OCHROPHYTA","","","","","","No",6,0,0,0,0,0,0,0,0,0,0,31,0,0,0,0,21,0,39,0,0,0,0
"OTU_467",95,"Metazoa","ARTHROPODA","Hexanauplia","Siphonostomatoida","","","","No",4,23,0,0,0,0,0,0,0,0,0,0,0,0,0,0,0,0,31,0,0,0,0
"OTU_468",125,"Plantae","RHODOPHYTA","Florideophyceae","","","","","UNK",5,0,0,0,0,0,0,0,0,0,0,26,0,0,0,0,69,0,0,0,0,0,0
"OTU_470",99,"Metazoa","ARTHROPODA","Hexanauplia","","","","","No",5,0,0,0,0,0,0,0,0,0,0,0,0,0,0,0,0,0,28,0,50,0,0
"OTU_472",88,"Metazoa","ARTHROPODA","Hexanauplia","","","","","No",5,0,0,0,0,0,0,0,0,0,0,0,0,0,0,0,0,0,23,0,0,0,0
"OTU_473",94,"Metazoa","ARTHROPODA","Hexanauplia","","","","","No",5,0,0,3,0,0,0,0,0,0,0,0,0,0,16,0,0,0,0,0,0,0,0
"OTU_478",99,"Metazoa","BRYOZOA","","","","","","No",6,0,0,0,0,0,0,0,0,0,0,0,0,0,0,0,0,0,0,0,49,0,0
"OTU_482",89,"Plantae","OCHROPHYTA","Phaeophyceae","Ectocarpales","","","","No",4,0,0,0,0,0,0,0,0,17,0,0,0,0,0,0,0,30,0,0,0,0,0
"OTU_486",233,"Metazoa","ANNELIDA","","","","","","No",5,16,14,0,0,0,0,0,9,4,0,0,0,0,26,0,0,0,37,0,0,0,0
"OTU_487",350,"Metazoa","ARTHROPODA","Hexanauplia","","","","","No",5,70,22,0,0,0,0,0,0,7,16,0,0,0,0,0,0,21,0,11,43,0,49
"OTU_49",15626,"Metazoa","PORIFERA","Demospongiae","Dendroceratida","Darwinellidae","Chelonaplysilla","","No",2,0,0,0,1215,0,0,0,0,0,0,0,0,0,0,0,0,301,0,0,67,7351,0
"OTU_492",205,"Metazoa","ANNELIDA","Polychaeta","Phyllodocida","","","","No",4,0,0,0,57,0,11,0,0,8,47,0,0,36,24,0,0,0,0,0,0,0,0
"OTU_496",66,"Plantae","RHODOPHYTA","","","","","","UNK",6,0,0,0,0,0,0,0,7,0,0,0,0,0,16,0,0,0,25,0,0,0,0
"OTU_5",62063,"Plantae","RHODOPHYTA","Florideophyceae","Ceramiales","","","","No",4,0,117,8,89,48,12,1866,7217,2095,2778,1006,63,520,640,201,8460,419,6444,1035,6965,6033,1965
"OTU_506",69,"Metazoa","PORIFERA","Demospongiae","Tethyida","Tethyidae","Tethya","Tethya sp.2 JV-2020","No",2,0,0,0,0,0,0,0,0,0,0,0,0,0,0,0,0,0,0,0,0,0,28
"OTU_507",102,"Metazoa","MOLLUSCA","","","","","","No",6,0,0,0,0,69,0,0,0,0,0,0,0,0,0,0,0,0,0,0,0,0,0
"OTU_508",138,"Plantae","RHODOPHYTA","Florideophyceae","Gelidiales","Pterocladiaceae","","","No",3,0,0,0,0,0,0,0,30,0,0,0,0,0,8,0,0,0,0,0,0,0,0
"OTU_51",20452,"Metazoa","ANNELIDA","Polychaeta","","","","","No",5,0,0,0,0,0,0,0,28,0,1494,0,780,0,0,0,1620,0,0,0,0,8645,0
"OTU_510",105,"Metazoa","CHORDATA","Ascidiacea","","","","","No",5,0,0,21,0,0,0,0,0,0,0,0,0,0,0,6,0,0,0,55,0,0,0
"OTU_511",196,"Metazoa","ANNELIDA","Polychaeta","Phyllodocida","Syllidae","","","No",3,0,0,0,0,0,0,0,0,191,0,0,0,0,0,0,0,0,0,0,0,0,0
"OTU_514",775,"Metazoa","PORIFERA","Demospongiae","Suberitida","Suberitidae","Protosuberites","","No",2,0,0,30,24,0,0,0,77,0,0,0,0,0,0,0,63,60,53,0,0,196,0
"OTU_521",216,"Metazoa","ARTHROPODA","","","","","","UNK",6,0,0,0,0,0,0,0,0,7,0,0,0,0,0,0,0,0,41,35,0,69,0
"OTU_524",93,"Metazoa","PORIFERA","Demospongiae","Tethyida","Tethyidae","Tethya","Tethya sp.3 JV-2020","No",2,0,0,0,0,0,0,0,50,0,12,0,0,0,0,0,0,0,0,0,0,0,0
"OTU_526",85,"Metazoa","GASTROTRICHA","","Chaetonotida","Chaetonotidae","","","No",3,0,0,0,0,12,0,0,0,0,0,0,0,0,0,0,0,0,0,0,0,0,0
"OTU_535",80,"Metazoa","MOLLUSCA","Gastropoda","Lepetellida","Fissurellidae","Diodora","","Yes",2,0,0,0,0,0,0,0,0,0,0,0,0,0,0,0,0,23,0,0,0,0,23
"OTU_538",141,"Metazoa","CNIDARIA","Hydrozoa","Leptothecata","Campanulariidae","","","No",3,0,0,0,0,0,0,0,0,0,0,0,0,0,11,0,0,0,0,0,0,0,84
"OTU_546",124,"Metazoa","ANNELIDA","Polychaeta","Phyllodocida","Syllidae","","","No",3,0,0,0,0,0,0,55,0,0,0,0,0,0,0,0,0,65,0,0,0,0,0
"OTU_55",20253,"Metazoa","ANNELIDA","","","","","","UNK",6,0,0,0,0,0,0,0,0,0,0,0,0,0,0,0,0,0,3343,67,0,7221,0
"OTU_557",192,"Metazoa","ANNELIDA","Polychaeta","Terebellida","Cirratulidae","Timarete","","No",2,0,0,0,0,0,0,0,0,0,0,0,0,0,0,0,0,0,0,0,0,103,0
"OTU_558",132,"Metazoa","ARTHROPODA","","","","","","UNK",6,0,0,0,0,0,0,20,0,12,66,0,0,0,0,0,0,0,0,0,0,0,0
"OTU_56",36202,"Metazoa","ANNELIDA","Polychaeta","Eunicida","Dorvilleidae","Dorvillea","","No",2,1879,346,15,1838,407,2147,335,0,0,13,458,343,0,603,109,566,67,767,1057,203,11807,1591
"OTU_560",214,"Metazoa","ARTHROPODA","","","","","","UNK",6,0,0,0,0,0,0,0,0,0,0,0,0,19,0,0,150,0,0,0,0,0,0
"OTU_563",233,"Metazoa","ARTHROPODA","Hexanauplia","","","","","No",5,0,0,0,0,0,0,0,0,0,0,0,0,0,0,0,0,0,0,30,33,96,46
"OTU_565",62,"Plantae","RHODOPHYTA","Florideophyceae","Palmariales","Palmariaceae","","","No",3,0,0,0,0,0,0,0,0,0,0,0,0,0,0,0,25,0,0,0,0,0,0
"OTU_567",280,"Metazoa","ANNELIDA","Polychaeta","Eunicida","Eunicidae","Nematonereis","Nematonereis unicornis","No",1,0,0,0,0,0,0,0,0,0,0,0,0,0,31,0,0,0,38,0,0,170,0
"OTU_568",70,"Plantae","OCHROPHYTA","Phaeophyceae","Dictyotales","Dictyotaceae","Dictyota","","No",2,0,0,0,0,0,0,0,0,0,0,0,0,0,70,0,0,0,0,0,0,0,0
"OTU_569",64,"Metazoa","ARTHROPODA","Hexanauplia","","","","","No",5,0,0,0,15,0,0,0,0,0,0,0,0,0,0,0,0,0,0,0,0,0,0
"OTU_570",83,"Metazoa","MOLLUSCA","Gastropoda","Lepetellida","Fissurellidae","Diodora","","Yes",2,0,0,0,0,0,0,0,0,0,0,0,0,0,0,0,0,0,0,0,0,0,47
"OTU_575",53,"Metazoa","ARTHROPODA","","","","","","UNK",6,0,0,0,0,0,0,0,0,50,0,0,0,0,0,0,0,0,0,0,0,0,0
"OTU_58",13943,"Metazoa","PORIFERA","Homoscleromorpha","Homosclerophorida","Plakinidae","","","No",3,0,0,0,0,0,0,0,0,0,0,0,0,0,0,0,0,0,0,285,569,6588,0
"OTU_582",51,"Metazoa","CNIDARIA","Anthozoa","Actiniaria","Aiptasiidae","","","No",3,0,0,0,0,0,0,0,0,0,0,0,0,0,0,0,0,0,0,0,0,0,30
"OTU_588",75,"Metazoa","MOLLUSCA","Bivalvia","Mytiloida","Mytilidae","","","Yes",3,0,0,0,0,0,0,0,0,0,0,0,0,0,0,0,0,0,0,0,0,0,52
"OTU_590",64,"Metazoa","CNIDARIA","Hydrozoa","Leptothecata","Campanulariidae","","","No",3,0,0,0,0,0,0,0,0,0,0,9,0,0,0,0,0,0,0,0,0,0,0
"OTU_591",57,"Metazoa","PORIFERA","Demospongiae","Poecilosclerida","Coelosphaeridae","","","No",3,0,0,0,0,0,0,0,0,0,0,0,0,0,0,9,0,0,0,0,0,0,0
"OTU_6",99299,"Metazoa","PORIFERA","Homoscleromorpha","Homosclerophorida","Plakinidae","Plakortis","Plakortis sp. 1 JV-2020","No",2,0,0,10,0,0,0,0,0,8,0,0,0,0,0,0,0,0,0,65706,0,0,0
"OTU_602",59,"Metazoa","PORIFERA","Demospongiae","Poecilosclerida","","","","No",4,0,0,0,0,0,0,0,12,0,0,0,0,0,0,0,0,0,29,0,0,0,0
"OTU_61",13297,"Metazoa","MOLLUSCA","Gastropoda","Littorinimorpha","Vermetidae","Cupolaconcha","Cupolaconcha meroclista","Yes",1,0,0,0,0,0,10,0,1979,0,0,0,0,2593,114,0,769,0,53,0,719,3430,57
"OTU_613",41,"Plantae","RHODOPHYTA","Florideophyceae","Gigartinales","Hypneaceae","Hypnea","","No",2,0,0,4,0,0,0,0,0,0,0,0,0,0,0,0,0,0,0,0,0,0,0
"OTU_616",58,"Metazoa","ARTHROPODA","Hexanauplia","","","","","No",5,0,0,0,0,0,0,0,0,0,0,0,0,0,0,0,0,0,0,14,0,0,0
"OTU_63",27185,"Metazoa","ECHINODERMATA","Ophiuroidea","Ophiurida","Amphiuridae","Amphipholis","","Yes",2,736,224,80,348,199,1905,2436,20,1200,2315,1386,3698,74,0,329,180,442,3001,36,1769,1016,1543
"OTU_64",11765,"Metazoa","ARTHROPODA","","","","","","UNK",6,974,856,123,810,1401,419,381,0,25,0,0,507,49,19,0,713,80,1096,11,206,0,2099
"OTU_646",35,"Metazoa","CNIDARIA","Hydrozoa","Leptothecata","","","","No",4,0,0,0,0,0,0,0,0,21,0,11,0,0,0,0,0,0,0,0,0,0,0
"OTU_647",79,"Metazoa","ANNELIDA","Polychaeta","Phyllodocida","Syllidae","Eusyllis","","No",2,0,0,0,0,0,0,0,0,0,0,23,0,0,0,0,0,23,0,0,0,0,0
"OTU_655",40,"Metazoa","ARTHROPODA","","","","","","UNK",6,0,0,0,0,0,0,0,0,0,0,0,0,0,0,0,0,0,0,0,0,0,26
"OTU_66",22115,"Metazoa","ECHINODERMATA","Ophiuroidea","Ophiurida","Ophiactidae","Ophiactis","","Yes",2,0,0,0,766,0,0,0,28,0,0,0,224,954,0,0,918,0,282,0,0,9726,27
"OTU_676",113,"Metazoa","CNIDARIA","Staurozoa","Stauromedusae","Haliclystidae","Haliclystus","","No",2,0,0,0,0,0,0,0,0,0,0,0,0,54,0,0,0,0,0,0,0,0,0
"OTU_677",77,"Metazoa","ANNELIDA","Polychaeta","","","","","No",5,0,0,0,0,0,0,0,0,5,0,37,0,0,0,0,25,0,0,0,0,0,0
"OTU_686",36,"Plantae","RHODOPHYTA","Florideophyceae","","","","","UNK",5,0,0,0,0,0,0,0,29,0,0,0,0,0,0,0,0,0,0,0,0,0,0
"OTU_692",62,"Metazoa","ARTHROPODA","","","","","","UNK",6,0,0,0,0,0,0,0,0,0,0,0,0,0,0,0,0,0,0,28,0,0,0
"OTU_7",119680,"Metazoa","ANNELIDA","Polychaeta","Amphinomida","Amphinomidae","Pareurythoe","","No",2,6243,4107,111,781,2735,0,291,1683,355,1888,6616,8814,12,40,2017,261,182,242,122,342,42023,0
"OTU_700",64,"Metazoa","ARTHROPODA","","","","","","UNK",6,0,0,0,0,0,0,0,0,0,0,0,0,0,0,0,0,0,0,0,37,0,0
"OTU_71",23815,"Metazoa","ANNELIDA","Polychaeta","","","","","No",5,0,0,0,0,0,22824,0,0,0,0,0,0,0,0,468,0,0,0,12,0,0,492
"OTU_716",60,"Metazoa","ARTHROPODA","","","","","","UNK",6,0,0,0,16,0,0,0,16,5,0,0,0,0,0,0,0,0,0,0,0,0,0
"OTU_722",44,"Metazoa","PORIFERA","Demospongiae","Haplosclerida","Chalinidae","Haliclona","","No",2,0,0,0,0,9,0,0,0,0,0,0,0,0,0,0,0,0,0,0,0,0,0
"OTU_752",38,"Metazoa","ANNELIDA","Polychaeta","Phyllodocida","Syllidae","","","No",3,0,0,0,0,0,0,0,0,0,0,31,0,0,0,0,0,0,0,0,0,0,0
"OTU_758",81,"Metazoa","ARTHROPODA","Hexanauplia","","","","","No",5,0,0,0,0,0,0,0,0,0,0,0,0,0,0,0,0,67,0,0,0,0,0
"OTU_765",44,"Plantae","RHODOPHYTA","Florideophyceae","","","","","UNK",5,0,0,0,0,0,0,0,12,0,0,0,0,0,0,0,0,0,0,0,0,0,0
"OTU_771",37,"Metazoa","CNIDARIA","","","","","","No",6,0,0,0,0,17,0,0,0,0,0,0,0,0,0,0,0,0,0,0,0,0,0
"OTU_788",39,"Metazoa","ARTHROPODA","Hexanauplia","Harpacticoida","","","","No",4,0,0,0,0,0,0,0,15,0,0,0,0,0,9,0,0,0,0,0,0,0,0
"OTU_79",7599,"Metazoa","ANNELIDA","","","","","","UNK",6,0,119,30,0,78,76,0,0,0,684,177,604,77,143,0,418,22,798,164,1411,685,162
"OTU_80",13752,"Metazoa","MOLLUSCA","Gastropoda","","","","","Yes",5,0,0,0,0,0,0,0,0,0,0,0,0,0,0,0,0,0,8828,0,0,0,0
"OTU_802",85,"Metazoa","ARTHROPODA","Malacostraca","Decapoda","Palaemonidae","","","Mild",3,0,0,0,0,0,0,0,0,0,0,0,0,0,0,0,0,0,0,0,39,0,0
"OTU_81",6819,"Metazoa","CNIDARIA","Anthozoa","Actiniaria","Aiptasiidae","Aiptasia","Aiptasia pulchella","No",1,26,60,11,306,551,12,436,12,39,84,182,34,162,107,10,61,143,352,73,0,1703,477
"OTU_814",57,"Metazoa","GASTROTRICHA","","Chaetonotida","Chaetonotidae","","","No",3,0,0,0,0,0,0,0,0,0,0,0,0,19,0,0,0,0,0,0,0,0,0
"OTU_82",15376,"Metazoa","ECHINODERMATA","Ophiuroidea","Ophiurida","Amphiuridae","Amphipholis","","Yes",2,1310,124,109,105,0,951,144,0,364,0,197,0,0,0,260,55,0,1439,14,2494,1569,1648
"OTU_826",27,"Metazoa","ARTHROPODA","Malacostraca","Decapoda","","","","Mild",4,0,0,0,0,0,0,0,0,0,0,0,0,0,0,0,0,0,0,0,0,0,27
"OTU_83",16988,"Metazoa","ECHINODERMATA","Ophiuroidea","Ophiurida","Amphiuridae","Amphipholis","","Yes",2,84,1166,0,0,0,0,61,158,16,0,294,1046,0,0,0,81,0,25,0,5460,2901,0
"OTU_85",8832,"Metazoa","ANNELIDA","Polychaeta","Terebellida","Terebellidae","","","No",3,6603,0,24,19,0,0,0,7,46,212,587,93,17,15,14,180,26,36,21,434,70,110
"OTU_863",26,"Metazoa","ANNELIDA","Polychaeta","","","","","No",5,0,0,0,0,0,0,0,0,0,0,0,0,23,0,0,0,0,0,0,0,0,0
"OTU_88",5849,"Metazoa","PORIFERA","Homoscleromorpha","Homosclerophorida","Plakinidae","","","No",3,0,0,0,0,0,0,0,0,0,0,0,0,0,132,0,907,0,0,0,0,2584,0
"OTU_90",6276,"Metazoa","ANNELIDA","Polychaeta","","Orbiniidae","Naineris","","No",2,0,0,0,0,0,0,0,0,0,0,0,0,0,0,0,0,0,0,0,3986,0,0
"OTU_907",13,"Metazoa","PORIFERA","Demospongiae","Tethyida","Tethyidae","Tethya","","No",2,0,0,0,0,0,13,0,0,0,0,0,0,0,0,0,0,0,0,0,0,0,0
"OTU_92",5507,"Metazoa","PORIFERA","Demospongiae","Suberitida","","","","No",4,0,34,0,43,49,0,0,0,0,0,0,0,0,0,0,0,0,0,0,0,2852,0
"OTU_93",13630,"Metazoa","ANNELIDA","","","","","","UNK",6,0,0,0,0,0,0,0,114,10,0,349,1193,0,0,0,21,1007,3914,11,50,2495,0
"OTU_931",59,"Metazoa","ANNELIDA","Polychaeta","Phyllodocida","Syllidae","","","No",6,0,0,0,0,0,0,0,0,0,0,0,0,0,0,0,0,20,0,0,0,0,0
"OTU_94",6021,"Metazoa","ANNELIDA","Polychaeta","Spionida","Spionidae","Laonice","","Yes",2,0,0,0,0,0,0,0,0,0,0,0,0,0,0,0,0,0,0,0,0,3070,0
"OTU_946",34,"Metazoa","CNIDARIA","Anthozoa","Scleractinia","Poritidae","Porites","Porites sp.","Yes",1,0,0,0,0,0,0,0,9,0,0,0,0,0,0,0,0,0,0,0,0,0,0
"OTU_951",40,"Metazoa","ARTHROPODA","","","","","","UNK",6,0,0,0,18,0,0,0,0,0,0,0,0,0,0,0,0,0,0,0,0,0,0
"OTU_97",6826,"Metazoa","ARTHROPODA","Ostracoda","Podocopida","Bairdiidae","Paranesidea","","Mild",2,0,14,0,74,0,0,17,31,159,103,49,484,131,769,181,345,602,247,38,1770,126,249
"OTU_973",20,"Metazoa","ARTHROPODA","Ostracoda","Podocopida","","","","Mild",4,0,0,0,0,0,0,20,0,0,0,0,0,0,0,0,0,0,0,0,0,0,0
"OTU_99",4671,"Metazoa","ANNELIDA","Polychaeta","","Orbiniidae","Naineris","","No",2,0,0,0,0,0,0,0,12,0,0,0,0,104,0,655,0,0,2248,47,75,248,0
